{
  "hash": "5b75311d",
  "configHash": "38b2616a",
  "lockfileHash": "bf032d08",
  "browserHash": "55879687",
  "optimized": {
    "@angular/common": {
      "src": "../../../../../../node_modules/@angular/common/fesm2022/common.mjs",
      "file": "@angular_common.js",
      "fileHash": "d10971cd",
      "needsInterop": false
    },
    "@angular/common/http": {
      "src": "../../../../../../node_modules/@angular/common/fesm2022/http.mjs",
      "file": "@angular_common_http.js",
      "fileHash": "401c63c2",
      "needsInterop": false
    },
    "@angular/core": {
      "src": "../../../../../../node_modules/@angular/core/fesm2022/core.mjs",
      "file": "@angular_core.js",
      "fileHash": "30f31219",
      "needsInterop": false
    },
    "@angular/forms": {
      "src": "../../../../../../node_modules/@angular/forms/fesm2022/forms.mjs",
      "file": "@angular_forms.js",
      "fileHash": "0e162f62",
      "needsInterop": false
    },
    "@angular/platform-browser": {
      "src": "../../../../../../node_modules/@angular/platform-browser/fesm2022/platform-browser.mjs",
      "file": "@angular_platform-browser.js",
      "fileHash": "528214cc",
      "needsInterop": false
    },
    "@angular/router": {
      "src": "../../../../../../node_modules/@angular/router/fesm2022/router.mjs",
      "file": "@angular_router.js",
      "fileHash": "3be5cbf7",
      "needsInterop": false
    },
    "rxjs": {
      "src": "../../../../../../node_modules/rxjs/dist/esm5/index.js",
      "file": "rxjs.js",
      "fileHash": "0be282e4",
      "needsInterop": false
    }
  },
  "chunks": {
    "chunk-7LFQLCEG": {
      "file": "chunk-7LFQLCEG.js"
    },
    "chunk-K7AXHIDZ": {
      "file": "chunk-K7AXHIDZ.js"
    },
    "chunk-3SE5A5SN": {
      "file": "chunk-3SE5A5SN.js"
    },
    "chunk-Q6DORZVQ": {
      "file": "chunk-Q6DORZVQ.js"
    },
    "chunk-S35MAB2V": {
      "file": "chunk-S35MAB2V.js"
    }
  }
}